iteration,timestamp,T41_LEVEL,T42_LEVEL,J2_LEVEL,J13_LEVEL,J14_LEVEL,J19_LEVEL,J21_LEVEL,P79_FLOW,P79_STATUS,P1_FLOW,P1_STATUS,T41MiM
0,2024-12-24 15:57:36.704844,3.0509999999999993,3.0509999999999993,-15.24,-15.24,-15.24,-15.24,-15.24,1450.0,1.0,1450.0,1.0,0
1,2024-12-24 15:57:40.514221,3.364747310338268,3.2481728419515297,77.71089056501289,78.09886954336274,54.490973682758714,54.34660723729726,54.34743538299764,213.93606607871055,1.0,286.1669393185446,1.0,0
2,2024-12-24 15:57:45.971242,3.671706680238054,3.448975230608928,77.72142576920038,78.10417397424146,54.798965764409395,54.54380094307692,54.66112571087362,212.94852887749113,1.0,284.20557790288825,1.0,0
3,2024-12-24 15:57:51.573909,3.9730355490850666,3.652260528590001,77.73184060322329,78.10954460226385,55.101232666602314,54.74461778998197,54.96803862069711,211.94866761295918,1.0,282.2666260572955,1.0,0
4,2024-12-24 15:57:57.268643,4.269386479439203,3.8573869850878624,77.74215289002028,78.11496355561667,55.39847476176433,54.94791390819682,55.26932702643835,210.93980951868002,1.0,280.3467656472929,1.0,0
5,2024-12-24 15:58:03.442923,4.5611953285259075,4.063929165027548,77.75237425762343,78.1204211601105,55.69114737595791,55.15304874088841,55.56564153782059,209.92375565910302,1.0,278.44383185737166,1.0,0
6,2024-12-24 15:58:09.311822,4.848784209364241,4.271574945075252,77.7625131310376,78.12591115960642,55.97958218154292,55.359597484289786,55.85741698053596,208.90167075295096,1.0,276.55625618642136,1.0,0
7,2024-12-24 15:58:15.573405,5.13240509219375,4.4800819539734755,77.772575984813,78.13142903903221,56.26403671594629,55.56724840701358,56.144974828241295,207.87439538083257,1.0,274.68283325362637,1.0,0
8,2024-12-24 15:58:22.148810,5.412262971912664,4.689254453077714,77.78256799949959,78.13697133657037,56.54471948834151,55.77575940217943,56.42856662086847,206.8425740366984,1.0,272.82259858496917,1.0,0
9,2024-12-24 15:58:29.237305,5.688529467850313,4.898929779961343,77.79249344420339,78.14253528447517,56.82180446771555,55.98493492038162,56.70839704612855,205.80672199767008,1.0,270.9747573918744,1.0,0
10,2024-12-24 15:58:35.787290,5.961351417859189,5.108969791167946,77.80235591676629,78.14811860129554,57.095440130910205,56.194612440779274,56.98463749421723,204.76726400634968,1.0,269.1386398564531,1.0,0
11,2024-12-24 15:58:42.208783,6.2308566214479,5.319255150046815,77.812158503309,78.15371936219881,57.36575545809323,56.404653929537254,57.25743462617835,203.72455841293723,1.0,267.3136714290403,1.0,0
12,2024-12-24 15:58:49.352550,6.497157849317661,5.529681343118187,77.82190388899086,78.15933591324352,57.632864092104725,56.61494013722248,57.5269161013554,202.678913135246,1.0,265.4993522077978,1.0,0
13,2024-12-24 15:58:56.377623,6.762217511367896,5.743943104133954,77.83600952274622,78.17330159571029,57.8982431987281,56.82538963317302,57.79320819931183,200.078892267482,1.0,262.87327631036874,1.0,0
14,2024-12-24 15:59:03.354076,7.024285211263324,5.9581177146258515,77.8457261250264,78.17902702701535,58.16109580013357,57.03965086072938,58.058246009276466,199.01297651967386,1.0,261.0643157563563,1.0,0
15,2024-12-24 15:59:10.528808,7.157910618824492,6.167316763150818,65.41826349966423,77.44585519370999,58.34912315076844,57.25379532210336,58.31958063640694,335.5091392234826,1.0,0.0,0.0,0
16,2024-12-24 15:59:16.948223,7.2923125465489775,6.374145202207958,65.5053347544895,77.4538496934685,58.48307052342769,57.46298021865685,58.453209231741354,334.02078616598163,1.0,0.0,0.0,0
17,2024-12-24 15:59:24.527037,7.427472143126306,6.578623135341558,65.59288796649979,77.46183791320311,58.617788086970634,57.669794761545994,58.58761428457295,332.5336022739181,1.0,0.0,0.0,0
18,2024-12-24 15:59:32.475147,7.5633701929778585,6.780770984448047,65.68091130313952,77.46982008311953,58.753256768507605,57.87425905291976,58.72277694139739,331.04754468939825,1.0,0.0,0.0,0
19,2024-12-24 15:59:39.649090,7.699987184704232,6.980609501218592,65.76939250997718,77.47779603292746,58.88945711462115,58.07639351330082,58.85867798428128,329.56264511573096,1.0,0.0,0.0,0
20,2024-12-24 15:59:46.865578,7.837303286926276,7.178159790478663,65.85831914250382,77.48576559624247,59.02636936678207,58.27621889308741,58.99529789937828,328.0789345290557,1.0,0.0,0.0,0
21,2024-12-24 15:59:53.449883,7.9752983213143205,7.373443336403012,65.9476785501442,77.49372861060002,59.163973435897674,58.47375629590411,59.13261685275768,326.596443175755,1.0,0.0,0.0,0
22,2024-12-24 16:00:00.267107,8.113951732248058,7.5664820320922646,66.03745785837023,77.50168491746282,59.30224887384373,58.66902720482998,59.27061466341857,325.1152005710408,1.0,0.0,0.0,0
23,2024-12-24 16:00:07.208047,8.253242552590336,7.757298212963101,66.12764394853968,77.50963436221866,59.44117484138248,58.86205351198991,59.409270772932565,323.63523549940624,1.0,0.0,0.0,0
24,2024-12-24 16:00:14.349466,8.393149364915773,7.9459146947904005,66.21822343510262,77.51757679416417,59.580730071899595,59.052857551963235,59.54856421119737,322.1565760176187,1.0,0.0,0.0,0
25,2024-12-24 16:00:20.793192,8.532555141870004,8.13058348904294,66.29130070639515,77.52074450214451,59.72042174280893,59.24145254630348,59.688468893409755,321.5668370720659,1.0,0.0,0.0,0
26,2024-12-24 16:00:27.223513,8.487898078213062,8.154903651757897,59.71306700254087,59.56072522535059,59.82363574227088,59.42559608152766,59.82751633593338,0.0,0.0,0.0,0.0,0
27,2024-12-24 16:00:34.079247,8.446790494062897,8.17567433525412,59.684626087970464,59.556162258175505,59.77953601054701,59.449913053762856,59.782864790414386,0.0,0.0,0.0,0.0,0
28,2024-12-24 16:00:41.195128,8.409174059418797,8.192953869556293,59.65838225899306,59.55161359718178,59.73893801568695,59.47068102194032,59.74176225170274,0.0,0.0,0.0,0.0,0
29,2024-12-24 16:00:48.270272,8.374985236410181,8.206805792480589,59.6343015937701,59.54708445133364,59.701784177542336,59.48795830950813,59.704150397221994,0.0,0.0,0.0,0.0,0
30,2024-12-24 16:00:55.337169,8.344154178107335,8.217299950977708,59.61234843424049,59.542583325679395,59.66801177077999,59.501808447676716,59.669965697146516,0.0,0.0,0.0,0.0,0
31,2024-12-24 16:01:02.059335,8.316603310225622,8.22451391932629,59.59248616313185,59.53812510833596,59.63755184230564,59.51230127727319,59.63913831339644,0.0,0.0,0.0,0.0,0
32,2024-12-24 16:01:09.109601,8.292245595896107,8.228534734220009,59.5746797702907,59.53373828329784,59.610327829655105,59.51951436857956,59.61159068170512,0.0,0.0,0.0,0.0,0
33,2024-12-24 16:01:16.357620,8.270983059843132,8.229460371228528,59.558904471222576,59.52948506240427,59.58625392839264,59.523534763810176,59.58723577740596,0.0,0.0,0.0,0.0,0
34,2024-12-24 16:01:23.714562,8.252710277438556,8.227396254576801,59.545181390067704,59.52553719921323,59.56523405394943,59.52446024055508,59.565975643943176,0.0,0.0,0.0,0.0,0
35,2024-12-24 16:01:31.021872,8.237305208223521,8.222464424990704,59.53352628905998,59.52202473345788,59.547164298264626,59.52239559880529,59.547704871704155,0.0,0.0,0.0,0.0,0
36,2024-12-24 16:01:38.139365,8.224055487970617,8.215377246697956,59.52195389802894,59.51482286801359,59.53189220845445,59.51746314154279,59.53230111911691,0.0,0.0,0.0,0.0,0
37,2024-12-24 16:01:45.073482,8.214702899839248,8.21113693064005,59.513581482619266,59.509573695298435,59.51883882300643,59.51037675097036,59.519053342772935,0.0,0.0,0.0,0.0,0
38,2024-12-24 16:01:51.793676,8.207025692093474,8.205221234292168,59.50588907251863,59.5036572638602,59.509552578999255,59.50613601218904,59.5097014115141,0.0,0.0,0.0,0.0,0
39,2024-12-24 16:01:58.378901,8.200088895275407,8.198565127340677,59.49871937115838,59.49698224469771,59.501901111788705,59.50022009166231,59.502024458625115,0.0,0.0,0.0,0.0,0
40,2024-12-24 16:02:05.041558,8.19329019714442,8.191770921758833,59.491860778391974,59.490196970241854,59.49496886926241,59.49356394041825,59.49508770689906,0.0,0.0,0.0,0.0,0
41,2024-12-24 16:02:11.923336,8.18649378700027,8.184974428312271,59.48506332693837,59.4834006799948,59.488170245906154,59.48676973409586,59.48828900950841,0.0,0.0,0.0,0.0,0
42,2024-12-24 16:02:18.608535,8.179697335746958,8.178177976014998,59.47826689373173,59.476604225087335,59.48137383441072,59.47997324066251,59.481492599350844,0.0,0.0,0.0,0.0,0
43,2024-12-24 16:02:25.215329,8.172900884065447,8.17138152444057,59.471470442316566,59.46980777342299,59.47457738314272,59.47317678836547,59.474696148097394,0.0,0.0,0.0,0.0,0
44,2024-12-24 16:02:31.687652,8.166104432544554,8.16458507283937,59.46467399079248,59.46301132194725,59.46778093146566,59.46638033679103,59.467899696415934,0.0,0.0,0.0,0.0,0
45,2024-12-24 16:02:38.395100,8.159307981077198,8.157788621264933,59.45787753937708,59.456214870531745,59.460984479946106,59.45958388518984,59.46110324489506,0.0,0.0,0.0,0.0,0
46,2024-12-24 16:02:45.140510,8.15251152966338,8.150992169744042,59.45108108800778,59.449418419155414,59.45418802847965,59.45278743361542,59.45430679342772,0.0,0.0,0.0,0.0,0
47,2024-12-24 16:02:52.226033,8.145715078249554,8.144195718437297,59.444284636692025,59.44262196783267,59.44739157706672,59.4459909820946,59.447510342013906,0.0,0.0,0.0,0.0,0
48,2024-12-24 16:02:59.453452,8.138918626969577,8.13739926721085,59.437488185435676,59.43582551662466,59.44059512565731,59.43919453078788,59.44071389060012,0.0,0.0,0.0,0.0,0
49,2024-12-24 16:03:06.188798,8.127715632955859,8.12394260273504,59.42503393944508,59.420782999301935,59.433615942770224,59.432395059036494,59.433915630096315,0.0,0.0,0.0,0.0,0
50,2024-12-24 16:03:13.461618,8.115641220074536,8.111357357365351,59.413214964042304,59.408410588016075,59.42236790579468,59.41893888528423,59.42271219011269,0.0,0.0,0.0,0.0,0
51,2024-12-24 16:03:20.934562,8.103402816157935,8.098936103320423,59.400999578326875,59.39606502711404,59.4102846956796,59.406353729125556,59.410637690130045,0.0,0.0,0.0,0.0,0
52,2024-12-24 16:03:27.883048,8.091107512741287,8.086571749037299,59.388710551286785,59.38372899191885,59.39804321582688,59.39393250580119,59.398399255758626,0.0,0.0,0.0,0.0,0
53,2024-12-24 16:03:34.577210,8.07879094600281,8.074228658360946,59.37639610785323,59.3713967401801,59.385746759825736,59.38156816296769,59.38610394093025,0.0,0.0,0.0,0.0,0
54,2024-12-24 16:03:41.227909,8.066466234622064,8.061893712498936,59.36407218680146,59.359065972681144,59.373429751282615,59.369225076673786,59.37378736981744,0.0,0.0,0.0,0.0,0
55,2024-12-24 16:03:47.919640,8.054138396222744,8.04956189396512,59.351744636258765,59.34673577638493,59.36110487005416,59.35689013249231,59.36146265675505,0.0,0.0,0.0,0.0,0
56,2024-12-24 16:03:54.548040,8.041809340756206,8.037231292839502,59.33941569407637,59.334405805604355,59.348776965562045,59.34455831461285,59.349134817701376,0.0,0.0,0.0,0.0,0
57,2024-12-24 16:04:01.783435,8.029479812504917,8.024901164695548,59.327086210215384,59.3220759223726,59.33644788442759,59.33222771374148,59.33680576198067,0.0,0.0,0.0,0.0,0
58,2024-12-24 16:04:08.743195,8.017150100870166,8.012571220200728,59.314756515936146,59.30974607313601,59.3241183462182,59.319897585696246,59.3244762336308,0.0,0.0,0.0,0.0,0
59,2024-12-24 16:04:15.672713,8.004820318121036,8.000241347111544,59.3024267400903,59.297416237179505,59.31178863072279,59.307567641239814,59.312146521957814,0.0,0.0,0.0,0.0,0
60,2024-12-24 16:04:22.574790,7.992490507896109,7.987911501772295,59.29009693266569,59.28508640647264,59.299458846480825,59.29523776816555,59.299816739193915,0.0,0.0,0.0,0.0,0
61,2024-12-24 16:04:29.617106,7.97461117231389,7.967176238269077,59.266807068583645,59.256791347835744,59.28677109579603,59.28290212943911,59.28748338500402,0.0,0.0,0.0,0.0,0
62,2024-12-24 16:04:36.858307,7.955986469329774,7.947186342575284,59.248147842007064,59.237431157534985,59.26883523171727,59.262167480314005,59.26960348973371,0.0,0.0,0.0,0.0,0
63,2024-12-24 16:04:43.870582,7.937047340727747,7.927510872939013,59.22914799371953,59.21808780643231,59.250186094192536,59.24217783803555,59.250978544823475,0.0,0.0,0.0,0.0,0
64,2024-12-24 16:04:50.231929,7.917946428799108,7.907997187027772,59.210005723102526,59.19875804914302,59.231234257165674,59.22250249745308,59.23203929039544,0.0,0.0,0.0,0.0,0
65,2024-12-24 16:04:56.465508,7.89875687100489,7.888572147410881,59.19079067222521,59.17943722505248,59.212126342967835,59.20298888187015,59.212938309137414,0.0,0.0,0.0,0.0,0
66,2024-12-24 16:05:02.722148,7.879517355031932,7.869197066388785,59.1715359131374,59.1601219079184,59.19293282673912,59.183563881768166,59.193748712150786,0.0,0.0,0.0,0.0,0
67,2024-12-24 16:05:09.495415,7.860249272646502,7.849850552221187,59.1522588325942,59.140809893592284,59.173691043369324,59.16418882330215,59.174509173728346,0.0,0.0,0.0,0.0,0
68,2024-12-24 16:05:15.709076,7.8409647033857075,7.830520525294451,59.13296901124284,59.121499846193124,59.154421651546954,59.14484232214451,59.15524107837819,0.0,0.0,0.0,0.0,0
69,2024-12-24 16:05:22.909173,7.821670628476258,7.811200004432184,59.113671835083686,59.10219092869673,59.135136326291416,59.12551230270878,59.1359565016323,0.0,0.0,0.0,0.0,0
70,2024-12-24 16:05:29.334248,7.802371026664716,7.791885010901578,59.09437042568256,59.082882687330425,59.11584181175446,59.10619178620152,59.11666242237011,0.0,0.0,0.0,0.0,0
71,2024-12-24 16:05:35.489638,7.783068209383386,7.772573233291379,59.07506655533473,59.06357484035535,59.09654195415098,59.086876795204525,59.09736281802598,0.0,0.0,0.0,0.0,0
72,2024-12-24 16:05:41.697187,7.763763520673976,7.753263327474387,59.05576125342104,59.044267223348676,59.077238987990015,59.0675650190689,59.07805999927058,0.0,0.0,0.0,0.0,0
73,2024-12-24 16:05:48.739673,7.743679474205813,7.732763463773205,59.03458301699014,59.02223885134777,59.057871235975846,59.04825415124167,59.05875468617203,0.0,0.0,0.0,0.0,0
74,2024-12-24 16:05:56.096306,7.7235099082195955,7.712349120048432,59.01438397911628,59.001933232809165,59.037780140218494,59.02775435831051,59.038670569908916,0.0,0.0,0.0,0.0,0
75,2024-12-24 16:06:03.090230,7.7032905667021145,7.691984552285654,58.99414663803389,58.98163294302598,59.01760645953683,59.00734005566057,59.018500963183136,0.0,0.0,0.0,0.0,0
76,2024-12-24 16:06:09.850897,7.683041884635225,7.671649325510386,58.973887056207154,58.96133594093658,58.9973846885347,58.986975512069776,58.99828159761136,0.0,0.0,0.0,0.0,0
77,2024-12-24 16:06:16.592138,7.6627757593839965,7.651331542349875,58.95361438745195,58.94104095619986,58.97713456122912,58.966640299656255,58.97803290123517,0.0,0.0,0.0,0.0,0
78,2024-12-24 16:06:23.139993,7.64249927638373,7.631024117346158,58.93333393636879,58.92074716378831,58.95686757663721,58.946322525012384,58.9577667674756,0.0,0.0,0.0,0.0,0
79,2024-12-24 16:06:29.590196,7.622216593668285,7.610722892492075,58.91304887213583,58.90045410667197,58.93659057917642,58.9260151051056,58.93749027938168,0.0,0.0,0.0,0.0,0
80,2024-12-24 16:06:35.846062,7.601930197450864,7.590425381591384,58.89276104719378,58.88016149137018,58.916307588275004,58.90571388330428,58.91720759361488,0.0,0.0,0.0,0.0,0
81,2024-12-24 16:06:42.811420,7.581641575931461,7.570130096418623,58.872471568870296,58.85986914139796,58.89602100736583,58.88541637423295,58.89692119556883,0.0,0.0,0.0,0.0,0
82,2024-12-24 16:06:49.347085,7.561351620574167,7.549836145529825,58.85218109986991,58.83957695071909,58.875732275138006,58.86512109015681,58.876632572953305,0.0,0.0,0.0,0.0,0
83,2024-12-24 16:06:56.489362,7.541060865619158,7.529542994674722,58.83189003713688,58.81928485569871,58.855442253412576,58.844827139925535,58.8563426169389,0.0,0.0,0.0,0.0,0
84,2024-12-24 16:07:02.969993,7.520769631311113,7.509250323604528,58.8115986185329,58.79899281814067,58.83515145867002,58.82453398946474,58.83605186158995,0.0,0.0,0.0,0.0,0
85,2024-12-24 16:07:09.779605,7.493292848587383,7.478058398654754,58.770459804477916,58.74834376385371,58.814175266139785,58.80423035867743,58.81575384551732,0.0,0.0,0.0,0.0,0
86,2024-12-24 16:07:16.621685,7.465146917101926,7.447535623116316,58.74196829803338,58.71893860203771,58.78662583166716,58.77303921971067,58.788276343469356,0.0,0.0,0.0,0.0,0
87,2024-12-24 16:07:23.490904,7.436607397476147,7.417406436343801,58.713170503725124,58.68954650453567,58.758436468035846,58.74251689965022,58.760129981962656,0.0,0.0,0.0,0.0,0
88,2024-12-24 16:07:30.076164,7.407815968189951,7.3875291598520905,58.68419358161072,58.6601679277901,58.729868882340654,58.71238800176781,58.73159018445502,0.0,0.0,0.0,0.0,0
89,2024-12-24 16:07:36.621989,7.37885700677935,7.357819416168257,58.65510267134472,58.63080075094419,58.70105867157382,58.68251091625857,58.702798569213584,0.0,0.0,0.0,0.0,0
90,2024-12-24 16:07:42.759009,7.349784177096172,7.328223541371921,58.6259362927732,58.601442451985776,58.672086891799005,58.652801301859576,58.67383948088847,0.0,0.0,0.0,0.0,0
91,2024-12-24 16:07:49.755976,7.320632915054264,7.29870609951106,58.596718790392096,58.572090810053155,58.64300520792019,58.623205515868634,58.64476656353997,0.0,0.0,0.0,0.0,0
92,2024-12-24 16:07:56.394996,7.29142716390209,7.269243147431867,58.56746615908305,58.54274405650182,58.61384778265936,58.59368813558541,58.61561524047611,0.0,0.0,0.0,0.0,0
93,2024-12-24 16:08:03.753493,7.262183259334057,7.239818349392621,58.538189182825064,58.51340090849713,58.58463771257632,58.56422522658927,58.58640944656222,0.0,0.0,0.0,0.0,0
94,2024-12-24 16:08:10.581353,7.232912719362604,7.210420187390886,58.5088951426953,58.48406022518465,58.555390787145186,58.534800458570146,58.55716551208466,0.0,0.0,0.0,0.0,0
95,2024-12-24 16:08:16.994324,7.2036234259824425,7.181040779395578,58.47958922344767,58.45472137789306,58.52611811912153,58.50540231769393,58.52789495104338,0.0,0.0,0.0,0.0,0
96,2024-12-24 16:08:23.784123,7.17432091016261,7.15167459448856,58.45027494476087,58.42538383810662,58.49682732474531,58.476022924588136,58.49860564280187,0.0,0.0,0.0,0.0,0
97,2024-12-24 16:08:30.818059,7.144753961823584,7.12192687827741,58.42009253409519,58.394794369424766,58.467494675285444,58.44665630768756,58.46930282862916,0.0,0.0,0.0,0.0,0
98,2024-12-24 16:08:38.191474,7.115160565205188,7.092205611002821,58.390475501885426,58.365130767652,58.43792470150458,58.41690862158798,58.43973585033529,0.0,0.0,0.0,0.0,0
99,2024-12-24 16:08:45.467846,7.085548553697848,7.062502959224775,58.3608466570633,58.33546893047862,58.40832917274012,58.387187375479286,58.41014243260652,0.0,0.0,0.0,0.0,0
100,2024-12-24 16:08:52.483865,7.055923366045494,7.032813484259222,58.33120951455444,58.30580839123002,58.37871565147421,58.35748473867775,58.38053040615108,0.0,0.0,0.0,0.0,0
101,2024-12-24 16:08:59.479515,7.324758705439892,7.145312227419986,77.03810524899227,69.06043221631316,58.459824154866084,58.328028280709866,58.352001591677386,0.0,0.0,411.4208154068812,1.0,1
102,2024-12-24 16:09:07.012665,7.5854227402395065,7.263453327132817,77.05078815462545,69.11325423027229,58.72260892114874,58.44054740085301,58.620777024407296,0.0,0.0,409.05961183600107,1.0,1
103,2024-12-24 16:09:14.040926,7.839694216231682,7.385479100890561,77.06336542594794,69.16828567076752,58.97865029687136,58.55870301986543,58.881395290305186,0.0,0.0,406.7180744298758,1.0,1
104,2024-12-24 16:09:20.879886,8.088468463257167,7.510513231562557,77.07584734664934,69.22482802453709,59.22902520417923,58.680740315520126,59.13562818640941,0.0,0.0,404.3942886520795,1.0,1
105,2024-12-24 16:09:27.640288,8.332313057348463,7.638005605963994,77.0882416894937,69.28253469740037,59.47436690024584,58.80578403737635,59.3843684477818,0.0,0.0,402.0868074305725,1.0,1
106,2024-12-24 16:09:34.728444,8.571637191147323,7.7675632671561115,77.10055460876373,69.34118894835323,59.71511536626823,58.933284592408555,59.62818238713975,0.0,0.0,399.794485009427,1.0,1
107,2024-12-24 16:09:41.361797,8.806755893429818,7.898886450819386,77.11279097533503,69.40063629715007,59.95160351292118,59.06284933550267,59.86747844185795,0.0,0.0,397.5164145673411,1.0,1
108,2024-12-24 16:09:48.256164,9.037922746322343,8.03173604962279,77.12495474947364,69.46075909113304,60.18409632067458,59.19417870770043,60.10257114518471,0.0,0.0,395.2518588131623,1.0,1
109,2024-12-24 16:09:55.078547,9.268814537997358,8.174139729453291,77.15308534995718,69.73797216812179,60.415081815910774,59.32706842042065,60.333736202456905,0.0,0.0,390.01472497067937,1.0,1
110,2024-12-24 16:10:01.501689,9.49620244364533,8.31759019864455,77.1654079138324,69.80198252149252,60.643679472697464,59.469476639263846,60.5646052799251,0.0,0.0,387.7206069928285,1.0,1
111,2024-12-24 16:10:08.211598,9.720232796805346,8.461953386650846,77.17766897764753,69.86637974632461,60.868897126741956,59.612931089208175,60.79197169793341,0.0,0.0,385.43793861223224,1.0,1
112,2024-12-24 16:10:15.236209,9.941034988850298,8.607111771659287,77.18987051455207,69.93111207125116,61.09086682829422,59.75729776293148,61.01598164860225,0.0,0.0,383.1663524834326,1.0,1
113,2024-12-24 16:10:21.993717,10.158724723330165,8.752961171213663,77.20201427210561,69.99613413503545,61.309706380263535,59.90245919021936,61.23676440856727,0.0,0.0,380.90552325955525,1.0,1
114,2024-12-24 16:10:28.829094,10.373406443512325,8.899408351590665,77.21410181275715,70.0614057414422,61.525521914304065,60.048311231506936,61.45443558660714,0.0,0.0,378.6551600561249,1.0,1
115,2024-12-24 16:10:35.636617,10.585175184321182,9.04636920673648,77.22613454414626,70.1268909309887,61.73840984518272,60.19476068928498,61.66909954649916,0.0,0.0,376.41500080988556,1.0,1
116,2024-12-24 16:10:48.725454,10.668000000000001,9.250138329969854,77.81740786413042,70.56496204408111,72.66284439248675,60.40071662603968,72.66284439248669,0.0,0.0,266.3363867377547,1.0,1
117,2024-12-24 16:10:55.192971,10.668000000000001,9.489808611500681,77.82322796792837,70.62622805788307,72.70791558281013,60.54600998991377,72.70791558281012,0.0,0.0,265.25284561019095,1.0,1
118,2024-12-24 16:11:01.613838,10.668000000000001,9.72755566339883,77.83287302809077,70.72733296443417,72.78229989354647,60.78566736171043,72.78229989354644,0.0,0.0,263.45720420470883,1.0,1
119,2024-12-24 16:11:08.630662,10.668000000000001,9.963383559682217,77.84249775867379,70.82768751421828,72.85614944579041,61.02340161961073,72.85614944579036,0.0,0.0,261.665347600347,1.0,1
120,2024-12-24 16:11:15.709138,10.668000000000001,10.197296402373102,77.85210202347295,70.9272931320923,72.92946522392006,61.259216837360334,72.92946522392005,0.0,0.0,259.8773011545861,1.0,1
121,2024-12-24 16:11:22.689279,10.668000000000001,10.43486110453319,77.87846389639115,71.15504264175175,73.10587891940817,61.49315393315471,73.10587891940813,0.0,0.0,254.9694550923623,1.0,1
122,2024-12-24 16:11:35.919001,10.668000000000001,10.668000000000001,79.06987227988444,78.9425671287671,78.9733637312785,78.89249367243652,78.97336373127844,0.0,0.0,33.16241727036724,1.0,1
123,2024-12-24 16:11:42.636395,10.668000000000001,10.668000000000001,79.06987230193927,78.94256716365469,78.97336379052342,78.89249371816476,78.97336379052338,0.0,0.0,33.16241316437328,1.0,1
124,2024-12-24 16:11:49.529702,10.668000000000001,10.668000000000001,79.06987235217775,78.94256724312552,78.97336392547757,78.89249382233074,78.97336392547751,0.0,0.0,33.162403811367085,1.0,1
125,2024-12-24 16:11:56.399829,10.668000000000001,10.668000000000001,79.06987226367492,78.94256710312544,78.97336368773517,78.8924936388264,78.9733636877351,0.0,0.0,33.16242028812903,1.0,1
126,2024-12-24 16:12:03.209503,10.668000000000001,10.668000000000001,79.06987234227765,78.9425672274648,78.97336389888316,78.89249380180352,78.97336389888314,0.0,0.0,33.16240565449314,1.0,1
127,2024-12-24 16:12:10.362499,10.668000000000001,10.668000000000001,79.06987228105426,78.94256713061732,78.97336373442067,78.89249367486119,78.9733637344206,0.0,0.0,33.162417052579414,1.0,1
128,2024-12-24 16:12:17.102186,10.668000000000001,10.668000000000001,79.06987229661082,78.94256715522576,78.9733637762098,78.89249370711661,78.97336377620974,0.0,0.0,33.16241415638292,1.0,1
129,2024-12-24 16:12:24.019007,10.668000000000001,10.668000000000001,79.06987231974429,78.94256719181998,78.97336383835258,78.89249375508227,78.97336383835254,0.0,0.0,33.16240984957646,1.0,1
130,2024-12-24 16:12:30.221515,10.668000000000001,10.668000000000001,79.06987230109212,78.94256716231462,78.97336378824774,78.89249371640824,78.9733637882477,0.0,0.0,33.16241332208829,1.0,1
131,2024-12-24 16:12:36.501083,10.668000000000001,10.668000000000001,79.06987232477258,78.94256719977405,78.9733638518599,78.89249376550805,78.97336385185986,0.0,0.0,33.162408913450115,1.0,1
132,2024-12-24 16:12:42.897051,10.668000000000001,10.668000000000001,79.06987233282348,78.94256721250956,78.97336387348672,78.892493782201,78.97336387348668,0.0,0.0,33.16240741459681,1.0,1
133,2024-12-24 16:12:49.494822,10.668000000000001,10.668000000000001,79.04825549176826,78.89086780712347,78.92894167048405,78.82896147910814,78.928941670484,0.0,0.0,37.18686078252647,1.0,1
134,2024-12-24 16:12:55.708082,10.668000000000001,10.668000000000001,79.04825533107476,78.89086754334244,78.92894121104122,78.82896112823961,78.92894121104115,0.0,0.0,37.18689069917502,1.0,1
135,2024-12-24 16:13:02.273704,10.668000000000001,10.668000000000001,79.0482553370137,78.89086755309123,78.92894122802132,78.82896114120697,78.92894122802123,0.0,0.0,37.186889593506834,1.0,1
136,2024-12-24 16:13:08.913276,10.668000000000001,10.668000000000001,79.04825546684158,78.890867766206,78.92894159921568,78.82896142468174,78.92894159921563,0.0,0.0,37.18686542317247,1.0,1
137,2024-12-24 16:13:15.376129,10.668000000000001,10.668000000000001,79.04825542753149,78.89086770167775,78.9289414868231,78.82896133884945,78.92894148682306,0.0,0.0,37.1868727416187,1.0,1
138,2024-12-24 16:13:22.080175,10.668000000000001,10.668000000000001,79.04825539729073,78.89086765203702,78.92894140036094,78.82896127281981,78.92894140036087,0.0,0.0,37.18687837160592,1.0,1
139,2024-12-24 16:13:29.257285,10.668000000000001,10.668000000000001,79.04825545838455,78.89086775232354,78.92894157503581,78.82896140621597,78.92894157503578,0.0,0.0,37.18686699763975,1.0,1
140,2024-12-24 16:13:36.130717,10.668000000000001,10.668000000000001,79.04825538855995,78.8908676377053,78.92894137539852,78.82896125375646,78.92894137539845,0.0,0.0,37.18687999703397,1.0,1
141,2024-12-24 16:13:42.946600,10.668000000000001,10.668000000000001,79.04825547894798,78.89086778607876,78.92894163382928,78.82896145111555,78.92894163382924,0.0,0.0,37.18686316930361,1.0,1
142,2024-12-24 16:13:50.002415,10.668000000000001,10.668000000000001,79.04825546040131,78.89086775563408,78.92894158080196,78.82896141061948,78.92894158080193,0.0,0.0,37.18686662217457,1.0,1
143,2024-12-24 16:13:56.821992,10.668000000000001,10.668000000000001,79.04825534788074,78.89086757092969,78.92894125909157,78.82896116493484,78.92894125909152,0.0,0.0,37.18688757037096,1.0,1
144,2024-12-24 16:14:03.622521,10.668000000000001,10.668000000000001,79.04825547056656,78.89086777232056,78.92894160986586,78.82896143281505,78.9289416098658,0.0,0.0,37.18686472968706,1.0,1
145,2024-12-24 16:14:10.692634,10.668000000000001,10.668000000000001,79.07161580072673,78.94660876048628,78.976849396961,78.89743925111887,78.97684939696093,0.0,0.0,32.83782227946219,1.0,1
146,2024-12-24 16:14:17.561912,10.668000000000001,10.668000000000001,79.07161584579826,78.94660883156476,78.97684951740092,78.89743934416771,78.97684951740088,0.0,0.0,32.83781388839738,1.0,1
147,2024-12-24 16:14:24.539015,10.668000000000001,10.668000000000001,79.07161590833208,78.94660893018153,78.97684968450362,78.89743947326696,78.97684968450356,0.0,0.0,32.837802246343195,1.0,1
148,2024-12-24 16:14:31.499891,10.668000000000001,10.668000000000001,79.07161579580558,78.9466087527256,78.9768493838108,78.89743924095936,78.97684938381073,0.0,0.0,32.83782319563767,1.0,1
149,2024-12-24 16:14:38.628001,10.668000000000001,10.668000000000001,79.0716158184956,78.94660878850806,78.97684944444296,78.89743928780221,78.9768494444429,0.0,0.0,32.837818971390035,1.0,1
150,2024-12-24 16:14:45.005221,10.668000000000001,10.668000000000001,79.07161587168261,78.94660887238476,78.976849586569,78.8974393976052,78.97684958656893,0.0,0.0,32.83780906945098,1.0,1
151,2024-12-24 16:14:51.517155,10.668000000000001,10.668000000000001,79.07161587758833,78.94660888169813,78.97684960235023,78.89743940979733,78.97684960235019,0.0,0.0,32.83780796997144,1.0,1
152,2024-12-24 16:14:58.268285,10.668000000000001,10.668000000000001,79.07161581587688,78.9466087843783,78.97684943744517,78.89743928239594,78.97684943744511,0.0,0.0,32.83781945892023,1.0,1
153,2024-12-24 16:15:05.157492,10.668000000000001,10.668000000000001,79.07161579564274,78.94660875246873,78.97684938337558,78.89743924062306,78.97684938337551,0.0,0.0,32.83782322595511,1.0,1
154,2024-12-24 16:15:11.995948,10.668000000000001,10.668000000000001,79.07161577455754,78.94660871921704,78.97684932703174,78.89743919709328,78.97684932703166,0.0,0.0,32.837827151432236,1.0,1
155,2024-12-24 16:15:18.930967,10.668000000000001,10.668000000000001,79.07161583912215,78.94660882103645,78.97684949956117,78.89743933038511,78.97684949956111,0.0,0.0,32.8378151313024,1.0,1
156,2024-12-24 16:15:25.687466,10.668000000000001,10.668000000000001,79.07161584100699,78.94660882400886,78.97684950459777,78.89743933427629,78.97684950459771,0.0,0.0,32.83781478039771,1.0,1
157,2024-12-24 16:15:32.297923,10.668000000000001,10.668000000000001,79.08759309478951,78.98274402694061,79.00810842208604,78.94150360631676,79.00810842208598,0.0,0.0,29.863295393820824,1.0,1
158,2024-12-24 16:15:38.892133,10.668000000000001,10.668000000000001,79.08759306042258,78.98274397428453,79.008108334717,78.94150353821024,79.00810833471692,0.0,0.0,29.863301791983186,1.0,1
159,2024-12-24 16:15:45.444376,10.668000000000001,10.668000000000001,79.08759311822536,78.98274406284844,79.0081084816658,78.94150365276077,79.00810848166577,0.0,0.0,29.86329103071965,1.0,1
160,2024-12-24 16:15:52.071147,10.668000000000001,10.668000000000001,79.08759307247279,78.98274399274746,79.00810836535146,78.94150356209062,79.0081083653514,0.0,0.0,29.863299548576503,1.0,1
161,2024-12-24 16:15:58.318671,10.668000000000001,10.668000000000001,79.08759305373555,78.98274396403879,79.00810831771688,78.9415035249582,79.00810831771683,0.0,0.0,29.863303036927917,1.0,1
162,2024-12-24 16:16:04.750024,10.668000000000001,10.668000000000001,79.08759301628855,78.98274390666347,79.00810822251741,78.9415034507477,79.00810822251734,0.0,0.0,29.863310008508307,1.0,1
163,2024-12-24 16:16:11.064529,10.668000000000001,10.668000000000001,79.08759310789328,78.9827440470179,79.00810845539917,78.94150363228522,79.00810845539914,0.0,0.0,29.863292954263418,1.0,1
164,2024-12-24 16:16:17.563013,10.668000000000001,10.668000000000001,79.08759305906618,78.98274397220625,79.00810833126857,78.94150353552212,79.00810833126852,0.0,0.0,29.863302044509748,1.0,1
165,2024-12-24 16:16:24.577820,10.668000000000001,10.668000000000001,79.08759303651128,78.98274393764824,79.00810827392851,78.94150349082405,79.00810827392846,0.0,0.0,29.863306243605845,1.0,1
166,2024-12-24 16:16:31.513439,10.668000000000001,10.668000000000001,79.08759311089325,78.98274405161438,79.00810846302578,78.94150363823036,79.00810846302575,0.0,0.0,29.863292395754947,1.0,1
167,2024-12-24 16:16:38.320890,10.668000000000001,10.668000000000001,79.08759303889363,78.98274394129841,79.0081082799851,78.94150349554528,79.00810827998502,0.0,0.0,29.863305800077082,1.0,1
168,2024-12-24 16:16:45.221815,10.668000000000001,10.668000000000001,79.08759304966692,78.98274395780496,79.0081083073734,78.9415035168952,79.00810830737335,0.0,0.0,29.86330379438881,1.0,1
169,2024-12-24 16:16:52.094788,10.668000000000001,10.668000000000001,79.05306445950414,78.90262231123258,78.93901600375044,78.84344799613474,78.9390160037504,0.0,0.0,36.291565010511654,1.0,1
170,2024-12-24 16:16:58.886009,10.668000000000001,10.668000000000001,79.05306443167633,78.90262226591959,78.93901592525027,78.84344793605041,78.93901592525022,0.0,0.0,36.291570191276904,1.0,1
171,2024-12-24 16:17:05.854734,10.668000000000001,10.668000000000001,79.0530643405327,78.90262211750728,78.93901566814127,78.84344773925805,78.93901566814122,0.0,0.0,36.29158715968322,1.0,1
172,2024-12-24 16:17:12.465368,10.668000000000001,10.668000000000001,79.05306439881174,78.90262221240505,78.9390158325419,78.843447865091,78.93901583254184,0.0,0.0,36.29157630975043,1.0,1
173,2024-12-24 16:17:19.446599,10.668000000000001,10.668000000000001,79.05306442056268,78.90262224782285,78.93901589389964,78.84344791205444,78.9390158938996,0.0,0.0,36.291572260326426,1.0,1
174,2024-12-24 16:17:26.098675,10.668000000000001,10.668000000000001,79.0530643710221,78.9026221671542,78.93901575414945,78.8434478050891,78.93901575414938,0.0,0.0,36.29158148340279,1.0,1
175,2024-12-24 16:17:32.633160,10.668000000000001,10.668000000000001,79.05306437736569,78.90262217748366,78.93901577204424,78.84344781878582,78.93901577204419,0.0,0.0,36.29158030240457,1.0,1
176,2024-12-24 16:17:39.539914,10.668000000000001,10.668000000000001,79.05306438087047,78.90262218319069,78.93901578193099,78.8434478263532,78.93901578193093,0.0,0.0,36.29157964991028,1.0,1
177,2024-12-24 16:17:46.493527,10.668000000000001,10.668000000000001,79.05306437847045,78.90262217928267,78.93901577516073,78.84344782117124,78.93901577516068,0.0,0.0,36.29158009672749,1.0,1
178,2024-12-24 16:17:53.210257,10.668000000000001,10.668000000000001,79.0530643527186,78.90262213734995,78.93901570251667,78.84344776556911,78.9390157025166,0.0,0.0,36.291584891009094,1.0,1
179,2024-12-24 16:17:59.957997,10.668000000000001,10.668000000000001,79.05306437226164,78.9026221691726,78.93901575764613,78.84344780776547,78.93901575764608,0.0,0.0,36.29158125263502,1.0,1
180,2024-12-24 16:18:06.599211,10.668000000000001,10.668000000000001,79.05306434001889,78.90262211667059,78.93901566669179,78.84344773814861,78.93901566669172,0.0,0.0,36.29158725534077,1.0,1
181,2024-12-24 16:18:13.425228,10.668000000000001,10.668000000000001,79.0791966475931,78.9639572761703,78.99183503617343,78.91862984431907,78.99183503617336,0.0,0.0,31.426479862446786,1.0,1
182,2024-12-24 16:18:19.566181,10.668000000000001,10.668000000000001,79.0791966658863,78.96395730463118,78.99183508393247,78.91862988136938,78.99183508393241,0.0,0.0,31.426476456758493,1.0,1
183,2024-12-24 16:18:26.031419,10.668000000000001,10.668000000000001,79.07919673926186,78.96395741879013,78.99183527549889,78.91863002998171,78.99183527549884,0.0,0.0,31.426462796273675,1.0,1
184,2024-12-24 16:18:32.337194,10.668000000000001,10.668000000000001,79.07919681629107,78.9639575386335,78.99183547660401,78.91863018599393,78.99183547660395,0.0,0.0,31.426448455581816,1.0,1
185,2024-12-24 16:18:38.779565,10.668000000000001,10.668000000000001,79.07919666222668,78.96395729893752,78.99183507437824,78.91862987395744,78.99183507437817,0.0,0.0,31.426477138078106,1.0,1
186,2024-12-24 16:18:45.262801,10.668000000000001,10.668000000000001,79.07919669275738,78.96395734643762,78.9918351540866,78.9186299357931,78.99183515408656,0.0,0.0,31.42647145411401,1.0,1
187,2024-12-24 16:18:51.796827,10.668000000000001,10.668000000000001,79.07919672227739,78.9639573923654,78.9918352311565,78.918629995582,78.99183523115643,0.0,0.0,31.42646595831276,1.0,1
188,2024-12-24 16:18:58.161606,10.668000000000001,10.668000000000001,79.07919669245246,78.96395734596328,78.99183515329055,78.91862993517559,78.9918351532905,0.0,0.0,31.426471510883886,1.0,1
189,2024-12-24 16:19:04.540791,10.668000000000001,10.668000000000001,79.07919675127472,78.96395743747993,78.99183530686169,78.91863005431213,78.99183530686165,0.0,0.0,31.426460559817635,1.0,1
190,2024-12-24 16:19:11.000573,10.668000000000001,10.668000000000001,79.07919670667263,78.96395736808728,78.99183519041608,78.91862996397666,78.99183519041604,0.0,0.0,31.42646886347932,1.0,1
191,2024-12-24 16:19:17.550078,10.668000000000001,10.668000000000001,79.07919669657096,78.96395735237091,78.99183516404297,78.91862994351705,78.9918351640429,0.0,0.0,31.426470744131326,1.0,1
192,2024-12-24 16:19:24.279279,10.668000000000001,10.668000000000001,79.0791967744394,78.96395747352,78.99183536733923,78.91863010122913,78.99183536733919,0.0,0.0,31.426456247202072,1.0,1
193,2024-12-24 16:19:31.150369,10.668000000000001,10.668000000000001,79.07602023645444,78.95673258639866,78.98558979066988,78.90981280738707,78.98558979066982,0.0,0.0,32.01783909353196,1.0,1
194,2024-12-24 16:19:38.148274,10.668000000000001,10.668000000000001,79.07602013148878,78.95673242215722,78.98558951392232,78.90981259307017,78.98558951392225,0.0,0.0,32.017858635209386,1.0,1
195,2024-12-24 16:19:45.134366,10.668000000000001,10.668000000000001,79.07602024521395,78.95673260010484,78.98558981376488,78.90981282527214,78.98558981376483,0.0,0.0,32.01783746275548,1.0,1
196,2024-12-24 16:19:51.850293,10.668000000000001,10.668000000000001,79.07602024375076,78.95673259781533,78.98558980990698,78.90981282228456,78.98558980990694,0.0,0.0,32.01783773515758,1.0,1
197,2024-12-24 16:19:58.650712,10.668000000000001,10.668000000000001,79.07602018470735,78.95673250542914,78.9855896542359,78.90981270173081,78.98558965423582,0.0,0.0,32.01784872739749,1.0,1
198,2024-12-24 16:20:05.240345,10.668000000000001,10.668000000000001,79.07602023873663,78.95673258996968,78.98558979668707,78.90981281204688,78.98558979668704,0.0,0.0,32.01783866864738,1.0,1
199,2024-12-24 16:20:11.877660,10.668000000000001,10.668000000000001,79.07602014626269,78.95673244527413,78.98558955287447,78.90981262323517,78.9855895528744,0.0,0.0,32.01785588471857,1.0,1
200,2024-12-24 16:20:18.857517,10.668000000000001,10.668000000000001,79.07602020580748,78.95673253844488,78.98558970986758,78.9098127448127,78.98558970986753,0.0,0.0,32.01784479914185,1.0,1
201,2024-12-24 16:20:25.786947,10.668000000000001,10.668000000000001,79.07602013590588,78.95673242906868,78.98558952556824,78.90981260208885,78.98558952556819,0.0,0.0,32.01785781286905,1.0,1
202,2024-12-24 16:20:32.485669,10.654422129017291,10.647285599232525,61.94743627862179,61.94024532150378,61.96256785770142,61.96299064512804,61.962995721363384,0.0,0.0,0.0,0.0,0
203,2024-12-24 16:20:39.138771,10.637584840357043,10.629830616492372,61.93187334960455,61.9229774573441,61.948778436235294,61.94227878626954,61.94941575582143,0.0,0.0,0.0,0.0,0
204,2024-12-24 16:20:46.168285,10.62059809139224,10.61252509444682,61.91486557989996,61.90581222144924,61.931930524867276,61.92482391116967,61.93257836198586,0.0,0.0,0.0,0.0,0
205,2024-12-24 16:20:52.982202,10.600181727930181,10.590195306022386,61.88993599136985,61.87722376773846,61.91467827131353,61.90751434376909,61.91558898426275,0.0,0.0,0.0,0.0,0
206,2024-12-24 16:20:59.978366,10.579347981393441,10.568282901138955,61.868994931210324,61.85580467685408,61.89422677953084,61.88518492454081,61.89517227299553,0.0,0.0,0.0,0.0,0
207,2024-12-24 16:21:06.944383,10.558292732198542,10.54659199936267,61.847864122121855,61.834400599012135,61.87337414408307,61.86327271316721,61.87433833943987,0.0,0.0,0.0,0.0,0
208,2024-12-24 16:21:13.910416,10.53711075487224,10.525027826181029,61.82663332675725,61.81300748209863,61.85230801177492,61.84158192135276,61.85328298249139,0.0,0.0,0.0,0.0,0
209,2024-12-24 16:21:20.651228,10.515853818404171,10.50353861259439,61.80534561924343,61.79162171962152,61.831119570973186,61.8200178129549,61.83210094117025,0.0,0.0,0.0,0.0,0
210,2024-12-24 16:21:27.175081,10.494551756383682,10.482094525059598,61.784024358677165,61.770240699646266,61.809858734098256,61.79852863827574,61.81084396608432,0.0,0.0,0.0,0.0,0
211,2024-12-24 16:21:33.595753,10.473222199352039,10.460677932955592,61.762682950410436,61.74886271303717,61.78855429341481,61.777084574426155,61.7895418805127,0.0,0.0,0.0,0.0,0
212,2024-12-24 16:21:40.359123,10.451875922907622,10.439278060730514,61.74132926031099,61.727486554820814,61.76722328704552,61.75566799669637,61.76821230913118,0.0,0.0,0.0,0.0,0
213,2024-12-24 16:21:47.152359,10.430519362720815,10.417888472674631,61.71996812103363,61.70611157462387,61.745876118871486,61.73426813330996,61.746866023857756,0.0,0.0,0.0,0.0,0
214,2024-12-24 16:21:53.557639,10.409156470210002,10.396505217399845,61.69860240133218,61.684737323621576,61.72451900948349,61.71287855069566,61.725509458233304,0.0,0.0,0.0,0.0,0
215,2024-12-24 16:22:00.005626,10.38778967558303,10.37512586472947,61.67723386176522,61.66336352351762,61.70315577849878,61.69149529877385,61.70414656237128,0.0,0.0,0.0,0.0,0
216,2024-12-24 16:22:06.247599,10.366420475243773,10.35374891820269,61.6558635847933,61.64199000205829,61.68178877518302,61.6701159481706,61.68277976567807,0.0,0.0,0.0,0.0,0
217,2024-12-24 16:22:12.521349,10.346903024877085,10.335228123864399,61.63903862471662,61.62721469642623,61.66057424894893,61.64874131481414,61.661412096765616,0.0,0.0,0.0,0.0,0
218,2024-12-24 16:22:18.664121,10.327583451586717,10.316509452869948,61.619800089977275,61.60823930642879,61.641072619010394,61.630220369344244,61.64189480303683,0.0,0.0,0.0,0.0,0
219,2024-12-24 16:22:24.784846,10.308386116600225,10.297668543939812,61.60064807015783,61.589244573032126,61.621762750108374,61.61150160430526,61.6225753258295,0.0,0.0,0.0,0.0,0
220,2024-12-24 16:22:31.037074,10.289262423504223,10.278753993532835,61.58154990540444,61.57023921069908,61.602571236148094,61.59266063846698,61.60337804847694,0.0,0.0,0.0,0.0,0
221,2024-12-24 16:22:37.807851,10.270182357661682,10.259795816306589,61.562484330195325,61.55122791893207,61.583450982578306,61.57374605425719,61.58425438943566,0.0,0.0,0.0,0.0,0
222,2024-12-24 16:22:44.728309,10.251127864540186,10.240812066757492,61.54343811112553,61.532213277993314,61.564372929749595,61.55478785718623,61.56517434352395,0.0,0.0,0.0,0.0,0
223,2024-12-24 16:22:51.734100,10.232088245639105,10.221813443403905,61.52440325760458,61.51319673984328,61.54531960681679,61.535804096088086,61.54611986198849,0.0,0.0,0.0,0.0,0
224,2024-12-24 16:22:58.535610,10.213057286629619,10.202806160504242,61.50537501353659,61.49417909385125,61.52628066836868,61.51680546600228,61.52708024982454,0.0,0.0,0.0,0.0,0
225,2024-12-24 16:23:05.453744,10.194031331981316,10.183793873712489,61.48635062374755,61.47516082375326,61.507250102516984,61.49779817921185,61.50804929470771,0.0,0.0,0.0,0.0,0
226,2024-12-24 16:23:12.152289,10.175008267275023,10.164778697378257,61.46732846162952,61.456142194153735,61.488224374892795,61.47878589017314,61.48902334230717,0.0,0.0,0.0,0.0,0
227,2024-12-24 16:23:19.164704,10.155986870872761,10.145761853137252,61.448307586088916,61.43712335734245,61.46920144123801,61.45977071254186,61.470000278898404,0.0,0.0,0.0,0.0,0
228,2024-12-24 16:23:25.818013,10.136966437414763,10.126744046325875,61.42928745334114,61.41810440110967,61.45018012047536,61.440753867552296,61.45097888324506,0.0,0.0,0.0,0.0,0
229,2024-12-24 16:23:32.387372,10.117598805266134,10.107192955212263,61.40945107637137,61.39789869370552,61.431132201813774,61.421735641082215,61.43195817765633,0.0,0.0,0.0,0.0,0
230,2024-12-24 16:23:39.499075,10.098192650308924,10.08768038734411,61.39003262662413,61.3784330135007,61.4117614939998,61.40218458061493,61.41259051505558,0.0,0.0,0.0,0.0,0
231,2024-12-24 16:23:46.157442,10.078764224059254,10.068190091186146,61.370596984841534,61.35896994923089,61.39235355939504,61.38267203044966,61.3931843424781,0.0,0.0,0.0,0.0,0
232,2024-12-24 16:23:53.374567,10.059322939616207,10.048712653631176,61.351151400878315,61.339508387456206,61.37292410380404,61.363181744493936,61.37375590603692,0.0,0.0,0.0,0.0,0
233,2024-12-24 16:24:00.015744,10.039874147349957,10.029242724311807,61.33170008985877,61.32004773767477,61.3534822182126,61.34370431289493,61.35431461564191,0.0,0.0,0.0,0.0,0
234,2024-12-24 16:24:06.692565,10.020420967820185,10.009777182662782,61.31224543554236,61.30058762264636,61.33403307461623,61.324234387055675,61.33486581989714,0.0,0.0,0.0,0.0,0
235,2024-12-24 16:24:13.692872,10.000965223228455,9.99031420651321,61.29278882781425,61.281127820966866,61.31457968966017,61.30476884744134,61.315412638333456,0.0,0.0,0.0,0.0,0
236,2024-12-24 16:24:20.698371,9.98150797845901,9.970852730944335,61.27333107813591,61.26166820286234,61.29512382492135,61.28530587248182,61.29595689255214,0.0,0.0,0.0,0.0,0
237,2024-12-24 16:24:27.479049,9.962049856235138,9.951392133279302,61.25387266065499,61.24220869229142,61.27566650987307,61.26584439760916,61.27649964708689,0.0,0.0,0.0,0.0,0
238,2024-12-24 16:24:34.212365,9.942591220710366,9.931932049341128,61.23441385264464,61.222749244762674,61.25620834653859,61.24638380035152,61.25704152445597,0.0,0.0,0.0,0.0,0
239,2024-12-24 16:24:41.079392,9.923132284933384,9.912472266029999,61.214954816227355,61.20328983421087,61.236749686967826,61.226923716651754,61.2375828886931,0.0,0.0,0.0,0.0,0
240,2024-12-24 16:24:47.583328,9.903673173583247,9.893012658704574,61.195495646240786,61.18383044535953,61.21729073712839,61.207463933480184,61.218123952776885,0.0,0.0,0.0,0.0,0
241,2024-12-24 16:24:54.337673,9.887034615190409,9.877915643779593,61.182218924809774,61.17333496306329,61.19804348001415,61.188007451460855,61.198666938993455,0.0,0.0,0.0,0.0,0
242,2024-12-24 16:25:00.714541,9.870737563815966,9.862477122119117,61.166015195500336,61.1575456065802,61.18142864840671,61.1729102162865,61.18202861551928,0.0,0.0,0.0,0.0,0
243,2024-12-24 16:25:07.596756,9.854639552143942,9.846839561130537,61.14995839491614,61.14171545067399,61.165145231864436,61.157471564322904,61.16573169914319,0.0,0.0,0.0,0.0,0
244,2024-12-24 16:25:14.311224,9.83865134334662,9.831092197603198,61.133988690604625,61.125866078884854,61.149054680941894,61.141833930843205,61.14963376133995,0.0,0.0,0.0,0.0,0
245,2024-12-24 16:25:20.928136,9.822721504513254,9.815286464445656,61.11806744724478,61.1100074361627,61.133070420481026,61.12608652860472,61.1336455916351,0.0,0.0,0.0,0.0,0
246,2024-12-24 16:25:27.389150,9.806822008408348,9.799450388898418,61.102172076445356,61.09414423140853,61.117142629270376,61.11028077527572,61.11771577307523,0.0,0.0,0.0,0.0,0
247,2024-12-24 16:25:33.704449,9.790938065331455,9.783598760693302,61.08629018778479,61.078278764373096,61.10124418188342,61.0944446893807,61.10181628735364,0.0,0.0,0.0,0.0,0
248,2024-12-24 16:25:40.057273,9.775062096539818,9.767739158498822,61.07041520966685,61.062412137215595,61.085360775612905,61.07859305586142,61.08593234959168,0.0,0.0,0.0,0.0,0
249,2024-12-24 16:25:46.413264,9.759190167164704,9.751875517220352,61.054543781638614,61.046544938635094,61.06948507873686,61.062733450975045,61.07005638349225,0.0,0.0,0.0,0.0,0
250,2024-12-24 16:25:52.826119,9.743320283569494,9.736009830517634,61.03867415201507,61.03067745084528,61.05361328707034,61.04686980833337,61.0541844554806,0.0,0.0,0.0,0.0,0
251,2024-12-24 16:25:59.527273,9.727451436016118,9.720143108141295,61.022805433259606,61.01480981670652,61.03774347321458,61.0310041209404,61.03831457257589,0.0,0.0,0.0,0.0,0
252,2024-12-24 16:26:05.911810,9.711583113159286,9.704275861352105,61.00693717584784,60.998942108558936,61.02187466098169,61.01513739821456,61.02244572537221,0.0,0.0,0.0,0.0,0
253,2024-12-24 16:26:12.631063,9.697662049076651,9.691414749401426,60.99470157426927,60.98834299517562,61.00613052393292,60.99927199158092,61.00657863207784,0.0,0.0,0.0,0.0,0
254,2024-12-24 16:26:19.072712,9.684018464228053,9.678276158451782,60.9810782504795,60.975001944449026,60.99222602500894,60.9864107235859,60.99265773200665,0.0,0.0,0.0,0.0,0
255,2024-12-24 16:26:26.085615,9.670512956807913,9.664999490388093,60.96757554574062,60.961631575226995,60.978590577140814,60.973272053929506,60.979014227722246,0.0,0.0,0.0,0.0,0
256,2024-12-24 16:26:32.934378,9.65707145774203,9.651658814293985,60.95413367620809,60.94824920999677,60.9650888178718,60.95999534914261,60.965508757412515,0.0,0.0,0.0,0.0,0
257,2024-12-24 16:26:39.666865,9.643658466774177,9.638289630316667,60.94072017598607,60.934861834408814,60.951648983281814,60.94665465664433,60.95206727482657,0.0,0.0,0.0,0.0,0
258,2024-12-24 16:26:46.759161,9.630257904668811,9.624908017833326,60.92731934543899,60.921472342657374,60.93823671732522,60.933285465508824,60.93865429103709,0.0,0.0,0.0,0.0,0
259,2024-12-24 16:26:53.898108,9.616862753526602,9.611520994702436,60.91392403966163,60.90808193182349,60.92483647032608,60.919903849903925,60.92525373205156,0.0,0.0,0.0,0.0,0
260,2024-12-24 16:27:00.573176,9.603469922013746,9.59813165221488,60.90053114354428,60.8946911357544,60.911441454287534,60.90651682543515,60.91185858224701,0.0,0.0,0.0,0.0,0
261,2024-12-24 16:27:07.561019,9.590078085994717,9.584741314505042,60.88713928031436,60.88130017411839,60.89804868076124,60.89312748237356,60.89846575130827,0.0,0.0,0.0,0.0,0
262,2024-12-24 16:27:14.435809,9.57668667752157,9.571350549557003,60.87374786037241,60.86790914140965,60.88465686964657,60.879737144417305,60.88507391553583,0.0,0.0,0.0,0.0,0
263,2024-12-24 16:27:20.996293,9.563295452747424,9.557959601199453,60.86035663086187,60.85451807826042,60.87126547187476,60.866346379363485,60.87168250716863,0.0,0.0,0.0,0.0,0
264,2024-12-24 16:27:27.733060,9.549904307009914,9.544568574166522,60.84696548321462,60.84112700211309,60.857874251702505,60.852955430960556,60.858291282440064,0.0,0.0,0.0,0.0,0
265,2024-12-24 16:27:34.610819,9.533975250936434,9.52731330045538,60.82877007912153,60.820745829420645,60.844323437216765,60.839561904858776,60.844898555823825,0.0,0.0,0.0,0.0,0
266,2024-12-24 16:27:40.941420,9.517695497539263,9.510408724461701,60.812476749751674,60.80411937319337,60.8283704751031,60.82230688000872,60.828969263056905,0.0,0.0,0.0,0.0,0
267,2024-12-24 16:27:47.667198,9.501259986325483,9.493659906618658,60.796024575725106,60.787507990467525,60.81207996148085,60.80540241314068,60.812689403122846,0.0,0.0,0.0,0.0,0
268,2024-12-24 16:27:54.468198,9.484748243823214,9.476987320405843,60.77950238987546,60.77090542053107,60.79563915238317,60.78865364839443,60.79625383945475,0.0,0.0,0.0,0.0,0
269,2024-12-24 16:28:01.213644,9.468197819830399,9.460353416069287,60.76294609324179,60.7543077140384,60.77912471362915,60.77198108904539,60.779742070256944,0.0,0.0,0.0,0.0,0
270,2024-12-24 16:28:07.891942,9.451627397012182,9.443739510907676,60.74637253499204,60.737712638388444,60.7625728942521,60.75534719858411,60.76319163244845,0.0,0.0,0.0,0.0,0
271,2024-12-24 16:28:15.104547,9.43504663821255,9.42713594210224,60.72979005159396,60.721118920705266,60.74600174879791,60.738733300579334,60.74662120247541,0.0,0.0,0.0,0.0,0
272,2024-12-24 16:28:22.197908,9.418460458227917,9.410537794819117,60.71320296617262,60.7045259416412,60.72942061096165,60.72212973552757,60.730040439922945,0.0,0.0,0.0,0.0,0
273,2024-12-24 16:28:28.951134,9.401871434495364,9.393942491633606,60.69661346717698,60.68793335045118,60.71283423214253,60.70553159021352,60.713454257969644,0.0,0.0,0.0,0.0,0
274,2024-12-24 16:28:36.059630,9.38528091885463,9.377348680753453,60.680022702201846,60.67134096295999,60.69624510409041,60.688936288061164,60.69686523320425,0.0,0.0,0.0,0.0,0
275,2024-12-24 16:28:43.016982,9.368689620372265,9.360755653047129,60.663431273130016,60.6547486824886,60.67965453371458,60.67234247772322,60.680274717021554,0.0,0.0,0.0,0.0,0
276,2024-12-24 16:28:49.838358,9.352097911219708,9.344163036356363,60.646839495627425,60.638156458250286,60.66306320651628,60.65574945030145,60.663683418254884,0.0,0.0,0.0,0.0,0
277,2024-12-24 16:28:56.291196,9.335390676795909,9.327393902899079,60.63000787581187,60.62121606039978,60.64646339570334,60.63915671085015,60.64709162888786,0.0,0.0,0.0,0.0,0
278,2024-12-24 16:29:03.250629,9.318668756243197,9.310639455922571,60.613283483563265,60.604475702753064,60.62975512831244,60.622387587652774,60.63038438423667,0.0,0.0,0.0,0.0,0
279,2024-12-24 16:29:10.309497,9.301939161763304,9.293892683245456,60.596552541336905,60.58773635671213,60.613032667214746,60.60563314602967,60.61366245833202,0.0,0.0,0.0,0.0,0
280,2024-12-24 16:29:17.048353,9.285205515208023,9.277149963017221,60.57981818243188,60.570997559270815,60.5963027872962,60.58888637617931,60.59693286102601,0.0,0.0,0.0,0.0,0
281,2024-12-24 16:29:23.927915,9.268469728640442,9.260409383145447,60.563082019548965,60.55425905187808,60.57956898998975,60.572143657444016,60.58019921297814,0.0,0.0,0.0,0.0,0
282,2024-12-24 16:29:31.026991,9.251732811765592,9.243669933923304,60.54634490400303,60.53752069783661,60.56283312379602,60.55540307836088,60.56346342562218,0.0,0.0,0.0,0.0,0
283,2024-12-24 16:29:37.656033,9.234995297853336,9.226931082136488,60.52960728533352,60.520782424903175,60.54609616486169,60.53866362955545,60.546726508330906,0.0,0.0,0.0,0.0,0
284,2024-12-24 16:29:44.591714,9.218257468569698,9.210192546040648,60.51286940097239,60.504044194935,60.52935862873576,60.52192477798883,60.52998899419868,0.0,0.0,0.0,0.0,0
285,2024-12-24 16:29:51.450851,9.201519472832196,9.193454176782769,60.4961313762966,60.48730598772284,60.512620787723236,60.50518624200936,60.51325116479894,0.0,0.0,0.0,0.0,0
286,2024-12-24 16:29:58.164427,9.184781389210332,9.176715895756749,60.4793932776223,60.470567792637304,60.49588278579417,60.488447872813026,60.49651316900014,0.0,0.0,0.0,0.0,0
287,2024-12-24 16:30:05.338025,9.168043259224412,9.159977661442463,60.46265513991844,60.45382960403209,60.479144698906836,60.47170959181958,60.479775085345935,0.0,0.0,0.0,0.0,0
288,2024-12-24 16:30:11.816281,9.151305104833101,9.14323945190616,60.44591698166979,60.437091418933704,60.46240656720177,60.45497135752258,60.46303695534299,0.0,0.0,0.0,0.0,0
289,2024-12-24 16:30:18.398524,9.135585163998742,9.128067348522078,60.43123598625952,60.42333977179796,60.44573827843904,60.43823419659518,60.446299492690585,0.0,0.0,0.0,0.0,0
290,2024-12-24 16:30:24.897177,9.11999795013946,9.112762518493222,60.41566885739161,60.40791616337593,60.4300271690892,60.42306200775037,60.43057963929666,0.0,0.0,0.0,0.0,0
291,2024-12-24 16:30:31.777726,9.104480517343571,9.097387907727583,60.400160194882474,60.39248098312275,60.41444457276956,60.40775713253644,60.4149924711556,0.0,0.0,0.0,0.0,0
292,2024-12-24 16:30:38.518336,9.088998755881658,9.081977625891788,60.384682436311586,60.37704026083826,60.398929493594046,60.39238249860513,60.39947506166287,0.0,0.0,0.0,0.0,0
293,2024-12-24 16:30:45.384118,9.073534912816184,9.066549426047663,60.369220522118546,60.36159686090605,60.38344891324049,60.37697220512145,60.38399331189511,0.0,0.0,0.0,0.0,0
294,2024-12-24 16:30:51.840988,9.05808007129715,9.051112224962024,60.35376656701357,60.34615211623504,60.367985662354904,60.361543999414366,60.368529474692785,0.0,0.0,0.0,0.0,0
295,2024-12-24 16:30:57.812198,9.042629685243122,9.0356705687317,60.338316619523525,60.330706727190154,60.35253111393964,60.34610679542682,60.353074636075775,0.0,0.0,0.0,0.0,0
296,2024-12-24 16:31:04.331330,9.027181504115287,9.020226707927625,60.32286865570986,60.3152610193087,60.33708087293879,60.33066513776053,60.33762425145792,0.0,0.0,0.0,0.0,0
297,2024-12-24 16:31:10.967719,9.01173441430759,9.004781756210528,60.30742167362774,60.299815153723145,60.3216327636021,60.31522127624589,60.322176071040914,0.0,0.0,0.0,0.0,0
298,2024-12-24 16:31:18.215863,8.996287864612844,8.98933626464846,60.29197517751298,60.284369210201746,60.306185709329185,60.29977632417717,60.30672898158502,0.0,0.0,0.0,0.0,0
299,2024-12-24 16:31:25.435237,8.980841582340918,8.97389050602314,60.27652892192984,60.26892322814295,60.29073917722661,60.28433083244115,60.291282432064456,0.0,0.0,0.0,0.0,0
300,2024-12-24 16:31:32.803783,8.965395432550112,8.958444615289245,60.26108278550252,60.2534772271246,60.275292903666845,60.26888507372978,60.27583614987882,0.0,0.0,0.0,0.0,0
